constituency,party,fixed_seats,adjustment_seats,seats
01,C,3,0,3
01,KD,1,0,1
01,L,2,1,3
01,M,6,0,6
01,MP,3,1,4
01,S,8,1,9
01,SD,2,1,3
01,V,4,0,4
01,ÖVR,0,0,0
02,C,3,0,3
02,KD,2,0,2
02,L,3,1,4
02,M,10,0,10
02,MP,2,1,3
02,S,11,0,11
02,SD,6,0,6
02,V,4,0,4
02,ÖVR,0,0,0
03,C,1,0,1
03,KD,1,0,1
03,L,1,0,1
03,M,2,0,2
03,MP,1,0,1
03,S,3,1,4
03,SD,2,0,2
03,V,1,0,1
03,ÖVR,0,0,0
04,C,0,1,1
04,KD,1,0,1
04,L,0,0,0
04,M,2,0,2
04,MP,0,1,1
04,S,3,0,3
04,SD,2,0,2
04,V,1,0,1
04,ÖVR,0,0,0
05,C,1,0,1
05,KD,1,0,1
05,L,1,0,1
05,M,3,0,3
05,MP,1,0,1
05,S,4,0,4
05,SD,2,1,3
05,V,1,0,1
05,ÖVR,0,0,0
06,C,1,0,1
06,KD,1,0,1
06,L,0,1,1
06,M,2,0,2
06,MP,0,1,1
06,S,3,0,3
06,SD,3,0,3
06,V,1,0,1
06,ÖVR,0,0,0
07,C,0,0,0
07,KD,1,0,1
07,L,0,0,0
07,M,2,0,2
07,MP,0,0,0
07,S,2,0,2
07,SD,1,0,1
07,V,0,0,0
07,ÖVR,0,0,0
08,C,0,0,0
08,KD,1,0,1
08,L,0,0,0
08,M,2,0,2
08,MP,0,0,0
08,S,2,0,2
08,SD,2,0,2
08,V,0,0,0
08,ÖVR,0,0,0
09,C,0,0,0
09,KD,0,0,0
09,L,0,0,0
09,M,1,0,1
09,MP,0,0,0
09,S,1,0,1
09,SD,0,0,0
09,V,0,0,0
09,ÖVR,0,0,0
10,C,0,0,0
10,KD,0,0,0
10,L,0,0,0
10,M,1,0,1
10,MP,0,0,0
10,S,2,0,2
10,SD,2,0,2
10,V,0,0,0
10,ÖVR,0,0,0
11,C,1,0,1
11,KD,0,0,0
11,L,0,1,1
11,M,2,0,2
11,MP,1,0,1
11,S,3,0,3
11,SD,1,0,1
11,V,2,0,2
11,ÖVR,0,0,0
12,C,0,1,1
12,KD,0,0,0
12,L,0,1,1
12,M,2,0,2
12,MP,0,1,1
12,S,3,0,3
12,SD,3,0,3
12,V,1,0,1
12,ÖVR,0,0,0
13,C,1,0,1
13,KD,1,0,1
13,L,1,0,1
13,M,3,0,3
13,MP,1,0,1
13,S,2,1,3
13,SD,2,1,3
13,V,1,0,1
13,ÖVR,0,0,0
14,C,0,1,1
14,KD,1,0,1
14,L,0,1,1
14,M,2,0,2
14,MP,0,0,0
14,S,3,0,3
14,SD,3,0,3
14,V,1,0,1
14,ÖVR,0,0,0
15,C,1,0,1
15,KD,1,0,1
15,L,1,0,1
15,M,2,1,3
15,MP,0,1,1
15,S,3,0,3
15,SD,2,0,2
15,V,0,1,1
15,ÖVR,0,0,0
16,C,1,0,1
16,KD,1,0,1
16,L,1,0,1
16,M,3,0,3
16,MP,2,0,2
16,S,5,0,5
16,SD,2,0,2
16,V,3,0,3
16,ÖVR,0,0,0
17,C,1,0,1
17,KD,1,0,1
17,L,1,0,1
17,M,2,1,3
17,MP,1,0,1
17,S,2,1,3
17,SD,2,0,2
17,V,1,0,1
17,ÖVR,0,0,0
18,C,0,0,0
18,KD,1,0,1
18,L,0,0,0
18,M,2,0,2
18,MP,0,0,0
18,S,2,1,3
18,SD,2,0,2
18,V,1,0,1
18,ÖVR,0,0,0
19,C,0,1,1
19,KD,1,0,1
19,L,0,0,0
19,M,2,0,2
19,MP,0,0,0
19,S,2,0,2
19,SD,2,0,2
19,V,0,0,0
19,ÖVR,0,0,0
20,C,0,1,1
20,KD,1,0,1
20,L,0,0,0
20,M,2,0,2
20,MP,0,0,0
20,S,3,0,3
20,SD,2,0,2
20,V,0,0,0
20,ÖVR,0,0,0
21,C,0,1,1
21,KD,1,0,1
21,L,0,0,0
21,M,2,0,2
21,MP,0,1,1
21,S,3,0,3
21,SD,2,0,2
21,V,1,0,1
21,ÖVR,0,0,0
22,C,0,1,1
22,KD,1,0,1
22,L,0,1,1
22,M,2,0,2
22,MP,0,1,1
22,S,3,0,3
22,SD,2,0,2
22,V,1,0,1
22,ÖVR,0,0,0
23,C,0,0,0
23,KD,0,0,0
23,L,0,1,1
23,M,2,0,2
23,MP,0,0,0
23,S,3,0,3
23,SD,2,0,2
23,V,1,0,1
23,ÖVR,0,0,0
24,C,1,0,1
24,KD,1,0,1
24,L,0,0,0
24,M,2,0,2
24,MP,0,1,1
24,S,3,0,3
24,SD,2,0,2
24,V,0,1,1
24,ÖVR,0,0,0
25,C,0,1,1
25,KD,1,0,1
25,L,0,0,0
25,M,2,0,2
25,MP,0,0,0
25,S,3,0,3
25,SD,2,0,2
25,V,1,0,1
25,ÖVR,0,0,0
26,C,1,0,1
26,KD,0,1,1
26,L,0,0,0
26,M,1,0,1
26,MP,0,0,0
26,S,3,0,3
26,SD,2,0,2
26,V,0,0,0
26,ÖVR,0,0,0
27,C,0,0,0
27,KD,0,0,0
27,L,0,0,0
27,M,1,0,1
27,MP,0,0,0
27,S,2,0,2
27,SD,1,0,1
27,V,0,0,0
27,ÖVR,0,0,0
28,C,1,0,1
28,KD,0,0,0
28,L,0,0,0
28,M,1,0,1
28,MP,1,0,1
28,S,3,1,4
28,SD,1,0,1
28,V,1,0,1
28,ÖVR,0,0,0
29,C,0,0,0
29,KD,0,0,0
29,L,0,0,0
29,M,2,0,2
29,MP,0,0,0
29,S,3,0,3
29,SD,2,0,2
29,V,1,0,1
29,ÖVR,0,0,0
