party,raw_reported_votes,raw_reported_share_pct,forecast_votes,forecast_share_pct,forecast_seats,fixed_seats,adjustment_seats,seat_mean,seat_median,seat_lower_50,seat_upper_50,seat_lower_90,seat_upper_90,vote_share_mean,vote_share_median,vote_share_lower_50,vote_share_upper_50,vote_share_lower_90,vote_share_upper_90
M,531389,19.660052381028137,1309087.9268095235,19.856700984347135,70,68,2,70.471,70,70,71,69,72,19.871670655912034,19.872891048399637,19.64753574290516,20.096733348714267,19.3207639931329,20.411226089236738
C,196170,7.257795090952748,467424.27711122925,7.090054008857101,25,17,8,25.19975,25,25,26,24,26,7.106005082755268,7.103026325442619,6.994309232589432,7.215165671295699,6.838152474739035,7.385170339303492
L,147768,5.467043202324033,357636.6615179325,5.4247572705901534,19,11,8,19.27975,19,19,20,18,20,5.436311319564908,5.437745774356401,5.340725479892425,5.535198453673543,5.195209023091245,5.672709617931223
KD,169192,6.259677152614963,408939.33819943963,6.202934113947101,22,21,1,22.005,22,22,22,21,23,6.206872969333567,6.209448339923092,6.116295812084378,6.303395483137658,5.975935297104557,6.431091981594317
MP,172076,6.366377876692589,404691.99649527756,6.138508957721391,22,13,9,21.8365,22,21,22,21,23,6.15587500266438,6.156359989736244,6.0306187698138825,6.279415138604033,5.849960828077313,6.456649036093587
S,741881,27.447725339609093,1841140.700215437,27.927062503272854,99,94,5,98.77925,99,98,100,97,101,27.85329958381091,27.857249301149587,27.628445078799686,28.089285107855048,27.288363403995465,28.403085401821947
V,225680,8.349590641414162,548309.4068544887,8.316947789251516,30,27,3,29.6165,30,29,30,28,32,8.35418332908918,8.353323833587226,8.124829411305827,8.572798697746038,7.79691241068411,8.928942802210784
SD,477648,17.671770961938105,1150670.9200079127,17.453776726569167,62,59,3,61.81225,62,61,62,60,63,17.42952490571972,17.428515032200323,17.264108393315144,17.598029432332808,17.01666773156338,17.821790112033952
ÖVR,41083,1.51996735342617,104774.6046979274,1.589257645443577,0,0,0,0.0,0,0,0,0,0,1.5862571511500336,1.586440381859087,1.5346412050524303,1.6383444862856043,1.4594286732920336,1.7137325780299868
